{
  "aichat_security": {
    "description": "Int\u00e9gration IA avec outils s\u00e9curit\u00e9",
    "connections": [
      {
        "from": "AIchat",
        "to": "SecurityToolkit",
        "trigger": "security_analysis"
      },
      {
        "from": "AIchat",
        "to": "OSINTExtension",
        "trigger": "investigate"
      },
      {
        "from": "SecurityToolkit",
        "to": "AIchat",
        "trigger": "report_findings"
      }
    ]
  },
  "system_monitoring": {
    "description": "Surveillance syst\u00e8me avec IA",
    "connections": [
      {
        "from": "SystemMonitor",
        "to": "AIchat",
        "trigger": "anomaly_detected"
      },
      {
        "from": "SystemMonitor",
        "to": "SecurityToolkit",
        "trigger": "security_alert"
      }
    ]
  },
  "file_security": {
    "description": "Analyse s\u00e9curit\u00e9 des fichiers",
    "connections": [
      {
        "from": "FileManager",
        "to": "SecurityToolkit",
        "trigger": "scan_file"
      },
      {
        "from": "SecurityToolkit",
        "to": "FileManager",
        "trigger": "quarantine_file"
      }
    ]
  },
  "network_analysis": {
    "description": "Analyse r\u00e9seau avec OSINT",
    "connections": [
      {
        "from": "NetworkTools",
        "to": "OSINTExtension",
        "trigger": "analyze_ip"
      },
      {
        "from": "OSINTExtension",
        "to": "SecurityToolkit",
        "trigger": "threat_detected"
      }
    ]
  },
  "usb_security": {
    "description": "S\u00e9curit\u00e9 USB avec BadUSB",
    "connections": [
      {
        "from": "USBManager",
        "to": "BadUSBCreator",
        "trigger": "create_payload"
      },
      {
        "from": "USBManager",
        "to": "SecurityToolkit",
        "trigger": "scan_usb"
      }
    ]
  }
}