{
  "security_analysis": {
    "name": "security_analysis",
    "steps": [
      {
        "step": 1,
        "extension": "SystemMonitor",
        "action": "scan_system",
        "description": "Scanner le syst\u00e8me"
      },
      {
        "step": 2,
        "extension": "SecurityToolkit",
        "action": "analyze_threats",
        "description": "Analyser les menaces"
      },
      {
        "step": 3,
        "extension": "AIchat",
        "action": "generate_report",
        "description": "G\u00e9n\u00e9rer un rapport IA"
      },
      {
        "step": 4,
        "extension": "OSINTExtension",
        "action": "investigate_threats",
        "description": "Enqu\u00eate OSINT sur les menaces"
      }
    ],
    "created": 1751958398.1652007
  },
  "file_analysis": {
    "name": "file_analysis",
    "steps": [
      {
        "step": 1,
        "extension": "FileManager",
        "action": "select_files",
        "description": "S\u00e9lectionner les fichiers"
      },
      {
        "step": 2,
        "extension": "SecurityToolkit",
        "action": "scan_files",
        "description": "Scanner les fichiers"
      },
      {
        "step": 3,
        "extension": "AIchat",
        "action": "analyze_content",
        "description": "Analyser le contenu"
      }
    ],
    "created": 1751958398.1652007
  }
}